ModelA,ModelB,b,c,stat,p,sig
HeteroGATv2,MOGAT,1,4,4.0,0.375,ns
HeteroGATv2,HyperTMO,59,12,29.802816901408452,4.7829652739781464e-08,***
HeteroGATv2,RGCN,17,12,0.5517241379310345,0.4576140668763148,ns
HeteroGATv2,VEGN,3,7,7.0,0.34375,ns
HeteroGATv2,FastHGTConv,7,11,11.0,0.480682373046875,ns
HeteroGATv2,SGNN,17,13,0.3,0.583882420770365,ns
MOGAT,HyperTMO,63,13,31.592105263157894,1.9020126513852102e-08,***
MOGAT,RGCN,20,12,1.53125,0.21592493894013678,ns
MOGAT,VEGN,5,6,6.0,1.0,ns
MOGAT,FastHGTConv,9,10,10.0,1.0,ns
MOGAT,SGNN,19,12,1.1612903225806452,0.2811980995641761,ns
HyperTMO,RGCN,19,61,21.0125,4.562966315580808e-06,***
HyperTMO,VEGN,11,62,34.24657534246575,4.855291065553849e-09,***
HyperTMO,FastHGTConv,6,57,39.682539682539684,2.987848011318003e-10,***
HyperTMO,SGNN,17,60,22.90909090909091,1.6984666430537982e-06,***
RGCN,VEGN,10,19,2.206896551724138,0.13739482585580076,ns
RGCN,FastHGTConv,9,18,2.3703703703703702,0.12365771040283367,ns
RGCN,SGNN,7,8,8.0,0.9999999999999998,ns
VEGN,FastHGTConv,5,5,5.0,1.0,ns
VEGN,SGNN,18,10,1.75,0.1858767323658721,ns
FastHGTConv,SGNN,17,9,1.8846153846153846,0.1698105050855175,ns
