Model,Pipeline,Dataset,Metric,Lower,Upper
FastHGTConv,CTGAN,CGGA,auc,0.411764705882353,0.5462723550958845
FastHGTConv,CTGAN,CGGA,f1,0.4820787779103643,0.5723684210526315
FastHGTConv,CTGAN,CGGA,recall_1,0.7058823529411765,0.8627450980392157
FastHGTConv,CTGAN,CGGA,recall_0,0.2692307692307692,0.4010989010989011
FastHGTConv,CTGAN,TCGA Test,auc,0.8800602584579642,0.9593436910120516
FastHGTConv,CTGAN,TCGA Test,f1,0.7532467532467533,0.8701298701298701
FastHGTConv,CTGAN,TCGA Test,recall_1,0.8028169014084507,0.9577464788732394
FastHGTConv,CTGAN,TCGA Test,recall_0,0.7010309278350515,0.865979381443299
RGCN,SMOTE,CGGA,auc,0.6223322021116139,0.7542030273647921
RGCN,SMOTE,CGGA,f1,0.36496350364963503,0.5625
RGCN,SMOTE,CGGA,recall_1,0.2647058823529412,0.45098039215686275
RGCN,SMOTE,CGGA,recall_0,0.8681318681318682,0.9505494505494505
RGCN,SMOTE,TCGA Test,auc,0.7633185712211412,0.8866015681719182
RGCN,SMOTE,TCGA Test,f1,0.654320987654321,0.7848101265822784
RGCN,SMOTE,TCGA Test,recall_1,0.7183098591549296,0.9014084507042254
RGCN,SMOTE,TCGA Test,recall_0,0.5773195876288659,0.7628865979381443
