Strategy,Dataset,AUC,F1,Recall_1,Recall_0
BA (proposed),TCGA Test,0.9228,0.8129,0.8873,0.7835
BA (proposed),CGGA,0.4792,0.5281,0.7843,0.3352
KNN (k=5),TCGA Test,0.8911,0.7919,0.831,0.8041
KNN (k=5),CGGA,0.4242,0.3755,0.4804,0.3956
Co-occurrence,TCGA Test,0.8947,0.8108,0.8451,0.8247
Co-occurrence,CGGA,0.3792,0.3409,0.4412,0.3571
Correlation,TCGA Test,0.8988,0.8029,0.7746,0.8866
Correlation,CGGA,0.388,0.3137,0.3922,0.3791
Fully Connected,TCGA Test,0.8365,0.5818,0.4507,0.9278
Fully Connected,CGGA,0.4658,0.37,0.4118,0.544
Learned (NRI),TCGA Test,0.8435,0.5841,0.4648,0.9072
Learned (NRI),CGGA,0.5495,0.2177,0.1569,0.8407
