Feature,Test,stat,p,pass
Age_at_diagnosis,KS,0.4086,0.0,False
IDH1,chi2,217.6267,0.0,False
TP53,chi2,0.5903,0.4423,True
ATRX,chi2,0.5053,0.4772,True
PTEN,chi2,0.0874,0.7675,True
EGFR,chi2,3.6029,0.0577,True
CIC,chi2,36.7291,0.0,False
MUC16,chi2,0.4208,0.5165,True
PIK3CA,chi2,0.2204,0.6388,True
NF1,chi2,0.3657,0.5454,True
PIK3R1,chi2,1.2532,0.2629,True
FUBP1,chi2,24.0576,0.0,False
RB1,chi2,0.0368,0.8479,True
NOTCH1,chi2,,1.0,True
BCOR,chi2,0.049,0.8248,True
CSMD3,chi2,4.6489,0.0311,False
SMARCA4,chi2,4.1735,0.0411,False
GRIN2A,chi2,0.102,0.7495,True
IDH2,chi2,52.0714,0.0,False
FAT4,chi2,1.342,0.2467,True
PDGFRA,chi2,0.1676,0.6823,True
Gender,chi2,3.6029,0.0577,True
Race,chi2,0.7638,0.6826,True
