Model,Pipeline,Threshold
HeteroGATv2,No Balancing,0.5240000000000004
MOGAT,No Balancing,0.5060000000000002
HyperTMO,No Balancing,0.4770000000000002
RGCN,No Balancing,0.5630000000000004
VEGN,No Balancing,0.4830000000000002
FastHGTConv,No Balancing,0.5410000000000003
SGNN,No Balancing,0.5060000000000002
HeteroGATv2,SMOTE,0.5070000000000002
MOGAT,SMOTE,0.4400000000000002
HyperTMO,SMOTE,0.46400000000000025
RGCN,SMOTE,0.48700000000000027
VEGN,SMOTE,0.48400000000000026
FastHGTConv,SMOTE,0.5030000000000003
SGNN,SMOTE,0.47600000000000026
HeteroGATv2,CTGAN,0.4940000000000003
MOGAT,CTGAN,0.5530000000000003
HyperTMO,CTGAN,0.4430000000000002
RGCN,CTGAN,0.5100000000000002
VEGN,CTGAN,0.5260000000000004
FastHGTConv,CTGAN,0.4900000000000002
SGNN,CTGAN,0.4850000000000002
HeteroGATv2,ROS,0.4650000000000002
MOGAT,ROS,0.4700000000000003
HyperTMO,ROS,0.4040000000000002
RGCN,ROS,0.4850000000000003
VEGN,ROS,0.49800000000000033
FastHGTConv,ROS,0.5060000000000003
SGNN,ROS,0.4810000000000002
