Grade,Feature,Test,stat,p,pass
0,Age_at_diagnosis,KS,0.149,0.0079,False
0,IDH1,chi2,74.8188,0.0,False
0,TP53,chi2,7.8285,0.0051,False
0,ATRX,chi2,55.1852,0.0,False
0,PTEN,chi2,223.0537,0.0,False
0,EGFR,chi2,6.3392,0.0118,False
0,CIC,chi2,11.9913,0.0005,False
0,MUC16,chi2,1.0848,0.2976,True
0,PIK3CA,chi2,7.5159,0.0061,False
0,NF1,chi2,0.0903,0.7637,True
0,PIK3R1,chi2,0.0014,0.9705,True
0,FUBP1,chi2,3.0943,0.0786,True
0,RB1,chi2,21.9542,0.0,False
0,NOTCH1,chi2,0.1541,0.6946,True
0,BCOR,chi2,7.3611,0.0067,False
0,CSMD3,chi2,38.088,0.0,False
0,SMARCA4,chi2,7.3611,0.0067,False
0,GRIN2A,chi2,10.5052,0.0012,False
0,IDH2,chi2,3.0763,0.0794,True
0,FAT4,chi2,2.9307,0.0869,True
0,PDGFRA,chi2,2.5792,0.1083,True
1,Age_at_diagnosis,KS,0.4583,0.0,False
1,IDH1,chi2,637.5935,0.0,False
1,TP53,chi2,3.125,0.0771,True
1,ATRX,chi2,6.6117,0.0101,False
1,PTEN,chi2,2.041,0.1531,True
1,EGFR,chi2,6.125,0.0133,False
1,CIC,chi2,280.2691,0.0,False
1,MUC16,chi2,0.0855,0.77,True
1,PIK3CA,chi2,0.3255,0.5683,True
1,NF1,chi2,3.8851,0.0487,False
1,PIK3R1,chi2,2.4457,0.1179,True
1,FUBP1,chi2,29.6034,0.0,False
1,RB1,chi2,1.69,0.1936,True
1,NOTCH1,chi2,,1.0,True
1,BCOR,chi2,0.1302,0.7182,True
1,CSMD3,chi2,12.7201,0.0004,False
1,SMARCA4,chi2,0.0566,0.812,True
1,GRIN2A,chi2,2.54,0.111,True
1,IDH2,chi2,99.2223,0.0,False
1,FAT4,chi2,0.5202,0.4707,True
1,PDGFRA,chi2,0.1453,0.703,True
