auc,accuracy,precision,recall,recall_0,f1,fold,threshold,Model,Pipeline
0.936887673729779,0.8731343283582089,0.8448275862068966,0.8596491228070176,0.8831168831168831,0.8521739130434782,1,0.5000000000000002,HeteroGATv2,No Balancing
0.9123168498168499,0.835820895522388,0.7741935483870968,0.8571428571428571,0.8205128205128205,0.8135593220338984,2,0.5650000000000004,HeteroGATv2,No Balancing
0.9143772893772893,0.8805970149253731,0.8333333333333334,0.8928571428571429,0.8717948717948718,0.8620689655172413,3,0.48000000000000026,HeteroGATv2,No Balancing
0.9033882783882784,0.8656716417910447,0.7794117647058824,0.9464285714285714,0.8076923076923077,0.8548387096774194,4,0.5450000000000004,HeteroGATv2,No Balancing
0.9206864564007421,0.8646616541353384,0.8275862068965517,0.8571428571428571,0.8701298701298701,0.8421052631578947,5,0.5100000000000002,HeteroGATv2,No Balancing
0.9419002050580998,0.8731343283582089,0.8225806451612904,0.8947368421052632,0.8571428571428571,0.8571428571428571,1,0.5000000000000002,MOGAT,No Balancing
0.9125457875457876,0.835820895522388,0.7575757575757576,0.8928571428571429,0.7948717948717948,0.819672131147541,2,0.48000000000000026,MOGAT,No Balancing
0.9219322344322344,0.8731343283582089,0.8305084745762712,0.875,0.8717948717948718,0.8521739130434782,3,0.49000000000000027,MOGAT,No Balancing
0.9175824175824175,0.8731343283582089,0.782608695652174,0.9642857142857143,0.8076923076923077,0.864,4,0.5550000000000004,MOGAT,No Balancing
0.9169758812615955,0.8646616541353384,0.8275862068965517,0.8571428571428571,0.8701298701298701,0.8421052631578947,5,0.5850000000000004,MOGAT,No Balancing
0.8541809068124857,0.7686567164179104,0.6911764705882353,0.8245614035087719,0.7272727272727273,0.752,1,0.5150000000000003,HyperTMO,No Balancing
0.8232600732600733,0.7761194029850746,0.696969696969697,0.8214285714285714,0.7435897435897436,0.7540983606557377,2,0.48500000000000026,HyperTMO,No Balancing
0.774496336996337,0.7388059701492538,0.6567164179104478,0.7857142857142857,0.7051282051282052,0.7154471544715447,3,0.48500000000000026,HyperTMO,No Balancing
0.7987637362637363,0.7611940298507462,0.6935483870967742,0.7678571428571429,0.7564102564102564,0.7288135593220338,4,0.5050000000000003,HyperTMO,No Balancing
0.8842764378478665,0.8270676691729323,0.7704918032786885,0.8392857142857143,0.8181818181818182,0.8034188034188035,5,0.3900000000000002,HyperTMO,No Balancing
0.9416723627249942,0.8955223880597015,0.9056603773584906,0.8421052631578947,0.935064935064935,0.8727272727272727,1,0.5500000000000003,RGCN,No Balancing
0.9047619047619048,0.835820895522388,0.7575757575757576,0.8928571428571429,0.7948717948717948,0.819672131147541,2,0.46500000000000025,RGCN,No Balancing
0.9175824175824177,0.8731343283582089,0.8305084745762712,0.875,0.8717948717948718,0.8521739130434782,3,0.4950000000000003,RGCN,No Balancing
0.9207875457875457,0.8731343283582089,0.8,0.9285714285714286,0.8333333333333334,0.859504132231405,4,0.6100000000000003,RGCN,No Balancing
0.9318181818181819,0.8721804511278195,0.8305084745762712,0.875,0.8701298701298701,0.8521739130434782,5,0.46500000000000025,RGCN,No Balancing
0.923900660742766,0.8656716417910447,0.782608695652174,0.9473684210526315,0.8051948051948052,0.8571428571428571,1,0.4150000000000002,VEGN,No Balancing
0.9219322344322345,0.8582089552238806,0.7936507936507936,0.8928571428571429,0.8333333333333334,0.8403361344537815,2,0.4950000000000003,VEGN,No Balancing
0.9301739926739927,0.8880597014925373,0.847457627118644,0.8928571428571429,0.8846153846153846,0.8695652173913043,3,0.5000000000000002,VEGN,No Balancing
0.9143772893772893,0.8507462686567164,0.7727272727272727,0.9107142857142857,0.8076923076923077,0.8360655737704918,4,0.5800000000000003,VEGN,No Balancing
0.9308905380333952,0.8796992481203008,0.8225806451612904,0.9107142857142857,0.8571428571428571,0.864406779661017,5,0.4400000000000002,VEGN,No Balancing
0.9357484620642516,0.8731343283582089,0.8225806451612904,0.8947368421052632,0.8571428571428571,0.8571428571428571,1,0.48000000000000026,FastHGTConv,No Balancing
0.911172161172161,0.8582089552238806,0.7761194029850746,0.9285714285714286,0.8076923076923077,0.8455284552845529,2,0.49000000000000027,FastHGTConv,No Balancing
0.9320054945054945,0.8805970149253731,0.8448275862068966,0.875,0.8846153846153846,0.8596491228070176,3,0.5450000000000004,FastHGTConv,No Balancing
0.9269688644688645,0.8731343283582089,0.782608695652174,0.9642857142857143,0.8076923076923077,0.864,4,0.5800000000000003,FastHGTConv,No Balancing
0.9320500927643784,0.8721804511278195,0.8095238095238095,0.9107142857142857,0.8441558441558441,0.8571428571428571,5,0.4350000000000002,FastHGTConv,No Balancing
0.9485076327181591,0.8805970149253731,0.8253968253968254,0.9122807017543859,0.8571428571428571,0.8666666666666667,1,0.3950000000000002,SGNN,No Balancing
0.902014652014652,0.8582089552238806,0.7936507936507936,0.8928571428571429,0.8333333333333334,0.8403361344537815,2,0.3850000000000002,SGNN,No Balancing
0.9063644688644689,0.8507462686567164,0.8103448275862069,0.8392857142857143,0.8589743589743589,0.8245614035087719,3,0.5800000000000003,SGNN,No Balancing
0.8983516483516484,0.8507462686567164,0.7571428571428571,0.9464285714285714,0.782051282051282,0.8412698412698413,4,0.5400000000000003,SGNN,No Balancing
0.9322820037105751,0.8872180451127819,0.8596491228070176,0.875,0.8961038961038961,0.8672566371681416,5,0.34500000000000014,SGNN,No Balancing
0.9391660970608339,0.9104477611940298,0.8813559322033898,0.9122807017543859,0.9090909090909091,0.896551724137931,1,0.44500000000000023,HeteroGATv2,SMOTE
0.9139194139194139,0.8805970149253731,0.8125,0.9285714285714286,0.8461538461538461,0.8666666666666667,2,0.4950000000000003,HeteroGATv2,SMOTE
0.9036172161172161,0.8805970149253731,0.8333333333333334,0.8928571428571429,0.8717948717948718,0.8620689655172413,3,0.4100000000000002,HeteroGATv2,SMOTE
0.9157509157509157,0.8582089552238806,0.7846153846153846,0.9107142857142857,0.8205128205128205,0.8429752066115702,4,0.5800000000000003,HeteroGATv2,SMOTE
0.9151205936920223,0.8947368421052632,0.85,0.9107142857142857,0.8831168831168831,0.8793103448275862,5,0.5250000000000004,HeteroGATv2,SMOTE
0.9446343130553656,0.9104477611940298,0.8571428571428571,0.9473684210526315,0.8831168831168831,0.9,1,0.45500000000000024,MOGAT,SMOTE
0.9040750915750915,0.8582089552238806,0.7846153846153846,0.9107142857142857,0.8205128205128205,0.8429752066115702,2,0.45500000000000024,MOGAT,SMOTE
0.9059065934065934,0.8805970149253731,0.8571428571428571,0.8571428571428571,0.8974358974358975,0.8571428571428571,3,0.5400000000000003,MOGAT,SMOTE
0.905448717948718,0.8582089552238806,0.7534246575342466,0.9821428571428571,0.7692307692307693,0.8527131782945736,4,0.38000000000000017,MOGAT,SMOTE
0.9218460111317255,0.8796992481203008,0.8571428571428571,0.8571428571428571,0.8961038961038961,0.8571428571428571,5,0.5000000000000002,MOGAT,SMOTE
0.8564593301435407,0.7835820895522388,0.7258064516129032,0.7894736842105263,0.7792207792207793,0.7563025210084033,1,0.5000000000000002,HyperTMO,SMOTE
0.8406593406593407,0.7985074626865671,0.7457627118644068,0.7857142857142857,0.8076923076923077,0.7652173913043478,2,0.44500000000000023,HyperTMO,SMOTE
0.7797619047619047,0.7164179104477612,0.6153846153846154,0.8571428571428571,0.6153846153846154,0.7164179104477612,3,0.45500000000000024,HyperTMO,SMOTE
0.8125,0.746268656716418,0.6774193548387096,0.75,0.7435897435897436,0.711864406779661,4,0.45000000000000023,HyperTMO,SMOTE
0.8826530612244898,0.8345864661654135,0.7931034482758621,0.8214285714285714,0.8441558441558441,0.8070175438596491,5,0.3950000000000002,HyperTMO,SMOTE
0.9464570517202097,0.8955223880597015,0.8909090909090909,0.8596491228070176,0.922077922077922,0.875,1,0.5050000000000003,RGCN,SMOTE
0.9088827838827839,0.8656716417910447,0.7878787878787878,0.9285714285714286,0.8205128205128205,0.8524590163934426,2,0.44500000000000023,RGCN,SMOTE
0.9143772893772895,0.8880597014925373,0.847457627118644,0.8928571428571429,0.8846153846153846,0.8695652173913043,3,0.44500000000000023,RGCN,SMOTE
0.9251373626373627,0.8805970149253731,0.7857142857142857,0.9821428571428571,0.8076923076923077,0.873015873015873,4,0.5050000000000003,RGCN,SMOTE
0.9237012987012987,0.8721804511278195,0.8421052631578947,0.8571428571428571,0.8831168831168831,0.8495575221238938,5,0.5150000000000003,RGCN,SMOTE
0.9266347687400318,0.8731343283582089,0.8125,0.9122807017543859,0.8441558441558441,0.859504132231405,1,0.45500000000000024,VEGN,SMOTE
0.9171245421245421,0.8731343283582089,0.819672131147541,0.8928571428571429,0.8589743589743589,0.8547008547008547,2,0.5200000000000002,VEGN,SMOTE
0.9043040293040293,0.8805970149253731,0.8448275862068966,0.875,0.8846153846153846,0.8596491228070176,3,0.4950000000000003,VEGN,SMOTE
0.9228479853479854,0.8656716417910447,0.8064516129032258,0.8928571428571429,0.8461538461538461,0.847457627118644,4,0.5850000000000004,VEGN,SMOTE
0.9246289424860854,0.8872180451127819,0.847457627118644,0.8928571428571429,0.8831168831168831,0.8695652173913043,5,0.46000000000000024,VEGN,SMOTE
0.9455456823877877,0.9029850746268657,0.8666666666666667,0.9122807017543859,0.8961038961038961,0.8888888888888888,1,0.4250000000000002,FastHGTConv,SMOTE
0.9178113553113553,0.8731343283582089,0.8095238095238095,0.9107142857142857,0.8461538461538461,0.8571428571428571,2,0.5750000000000004,FastHGTConv,SMOTE
0.9006410256410257,0.8880597014925373,0.847457627118644,0.8928571428571429,0.8846153846153846,0.8695652173913043,3,0.3850000000000002,FastHGTConv,SMOTE
0.9331501831501832,0.8656716417910447,0.7638888888888888,0.9821428571428571,0.782051282051282,0.859375,4,0.48000000000000026,FastHGTConv,SMOTE
0.9301948051948051,0.9022556390977443,0.8909090909090909,0.875,0.922077922077922,0.8828828828828829,5,0.47500000000000026,FastHGTConv,SMOTE
0.9400774663932558,0.8880597014925373,0.875,0.8596491228070176,0.9090909090909091,0.8672566371681416,1,0.3300000000000001,SGNN,SMOTE
0.9148351648351648,0.8805970149253731,0.8448275862068966,0.875,0.8846153846153846,0.8596491228070176,2,0.6450000000000005,SGNN,SMOTE
0.9141483516483516,0.8805970149253731,0.8333333333333334,0.8928571428571429,0.8717948717948718,0.8620689655172413,3,0.35000000000000014,SGNN,SMOTE
0.9230769230769229,0.8656716417910447,0.8064516129032258,0.8928571428571429,0.8461538461538461,0.847457627118644,4,0.3850000000000002,SGNN,SMOTE
0.9271799628942488,0.8947368421052632,0.8620689655172413,0.8928571428571429,0.8961038961038961,0.8771929824561403,5,0.3850000000000002,SGNN,SMOTE
0.9400774663932558,0.8955223880597015,0.8771929824561403,0.8771929824561403,0.9090909090909091,0.8771929824561403,1,0.49000000000000027,HeteroGATv2,CTGAN
0.8917124542124542,0.8582089552238806,0.8135593220338984,0.8571428571428571,0.8589743589743589,0.8347826086956521,2,0.5550000000000004,HeteroGATv2,CTGAN
0.8958333333333334,0.8731343283582089,0.819672131147541,0.8928571428571429,0.8589743589743589,0.8547008547008547,3,0.48000000000000026,HeteroGATv2,CTGAN
0.9164377289377289,0.8432835820895522,0.7611940298507462,0.9107142857142857,0.7948717948717948,0.8292682926829268,4,0.5350000000000004,HeteroGATv2,CTGAN
0.9014378478664192,0.8646616541353384,0.8518518518518519,0.8214285714285714,0.8961038961038961,0.8363636363636363,5,0.5550000000000004,HeteroGATv2,CTGAN
0.9441786283891547,0.9104477611940298,0.8813559322033898,0.9122807017543859,0.9090909090909091,0.896551724137931,1,0.5050000000000003,MOGAT,CTGAN
0.9056776556776557,0.8731343283582089,0.7910447761194029,0.9464285714285714,0.8205128205128205,0.8617886178861789,2,0.48500000000000026,MOGAT,CTGAN
0.7896062271062271,0.7611940298507462,0.6621621621621622,0.875,0.6794871794871795,0.7538461538461538,3,0.47500000000000026,MOGAT,CTGAN
0.9125457875457874,0.8507462686567164,0.7647058823529411,0.9285714285714286,0.7948717948717948,0.8387096774193549,4,0.5700000000000003,MOGAT,CTGAN
0.9102504638218923,0.8796992481203008,0.8448275862068966,0.875,0.8831168831168831,0.8596491228070176,5,0.5550000000000004,MOGAT,CTGAN
0.8555479608111187,0.7835820895522388,0.7121212121212122,0.8245614035087719,0.7532467532467533,0.7642276422764228,1,0.48000000000000026,HyperTMO,CTGAN
0.8559981684981686,0.7910447761194029,0.7333333333333333,0.7857142857142857,0.7948717948717948,0.7586206896551724,2,0.4950000000000003,HyperTMO,CTGAN
0.7799908424908425,0.7313432835820896,0.6282051282051282,0.875,0.6282051282051282,0.7313432835820896,3,0.44500000000000023,HyperTMO,CTGAN
0.8031135531135531,0.746268656716418,0.671875,0.7678571428571429,0.7307692307692307,0.7166666666666667,4,0.5050000000000003,HyperTMO,CTGAN
0.9025974025974026,0.8796992481203008,0.8448275862068966,0.875,0.8831168831168831,0.8596491228070176,5,0.5700000000000003,HyperTMO,CTGAN
0.9405331510594669,0.8880597014925373,0.8387096774193549,0.9122807017543859,0.8701298701298701,0.8739495798319328,1,0.4950000000000003,RGCN,CTGAN
0.9006410256410255,0.8507462686567164,0.78125,0.8928571428571429,0.8205128205128205,0.8333333333333334,2,0.5050000000000003,RGCN,CTGAN
0.9134615384615385,0.8656716417910447,0.8275862068965517,0.8571428571428571,0.8717948717948718,0.8421052631578947,3,0.47500000000000026,RGCN,CTGAN
0.9315476190476191,0.8731343283582089,0.8305084745762712,0.875,0.8717948717948718,0.8521739130434782,4,0.6000000000000003,RGCN,CTGAN
0.9271799628942486,0.8721804511278195,0.819672131147541,0.8928571428571429,0.8571428571428571,0.8547008547008547,5,0.5150000000000003,RGCN,CTGAN
0.922077922077922,0.8731343283582089,0.8125,0.9122807017543859,0.8441558441558441,0.859504132231405,1,0.5050000000000003,VEGN,CTGAN
0.9052197802197802,0.8656716417910447,0.8064516129032258,0.8928571428571429,0.8461538461538461,0.847457627118644,2,0.5200000000000002,VEGN,CTGAN
0.8937728937728937,0.8656716417910447,0.8064516129032258,0.8928571428571429,0.8461538461538461,0.847457627118644,3,0.4300000000000002,VEGN,CTGAN
0.9095695970695971,0.8507462686567164,0.7647058823529411,0.9285714285714286,0.7948717948717948,0.8387096774193549,4,0.5450000000000004,VEGN,CTGAN
0.9181354359925789,0.8947368421052632,0.85,0.9107142857142857,0.8831168831168831,0.8793103448275862,5,0.5000000000000002,VEGN,CTGAN
0.9475962633857371,0.9104477611940298,0.8571428571428571,0.9473684210526315,0.8831168831168831,0.9,1,0.4200000000000002,FastHGTConv,CTGAN
0.9116300366300366,0.8656716417910447,0.796875,0.9107142857142857,0.8333333333333334,0.85,2,0.5500000000000003,FastHGTConv,CTGAN
0.8956043956043956,0.8805970149253731,0.8448275862068966,0.875,0.8846153846153846,0.8596491228070176,3,0.2850000000000001,FastHGTConv,CTGAN
0.9214743589743589,0.8880597014925373,0.8727272727272727,0.8571428571428571,0.9102564102564102,0.8648648648648649,4,0.4150000000000002,FastHGTConv,CTGAN
0.9281076066790354,0.8721804511278195,0.8305084745762712,0.875,0.8701298701298701,0.8521739130434782,5,0.2800000000000001,FastHGTConv,CTGAN
0.9314194577352473,0.8955223880597015,0.8524590163934426,0.9122807017543859,0.8831168831168831,0.8813559322033898,1,0.4250000000000002,SGNN,CTGAN
0.8889652014652014,0.8731343283582089,0.8095238095238095,0.9107142857142857,0.8461538461538461,0.8571428571428571,2,0.4300000000000002,SGNN,CTGAN
0.8969780219780219,0.8582089552238806,0.8032786885245902,0.875,0.8461538461538461,0.8376068376068376,3,0.4250000000000002,SGNN,CTGAN
0.9079670329670328,0.8432835820895522,0.7777777777777778,0.875,0.8205128205128205,0.8235294117647058,4,0.5850000000000004,SGNN,CTGAN
0.9130333951762523,0.8646616541353384,0.8275862068965517,0.8571428571428571,0.8701298701298701,0.8421052631578947,5,0.44500000000000023,SGNN,CTGAN
0.8817498291182502,0.8283582089552238,0.7931034482758621,0.8070175438596491,0.8441558441558441,0.8,1,0.23000000000000004,HeteroGATv2,ROS
0.907967032967033,0.8731343283582089,0.8095238095238095,0.9107142857142857,0.8461538461538461,0.8571428571428571,2,0.5100000000000002,HeteroGATv2,ROS
0.896978021978022,0.8805970149253731,0.8333333333333334,0.8928571428571429,0.8717948717948718,0.8620689655172413,3,0.45500000000000024,HeteroGATv2,ROS
0.9004120879120878,0.8656716417910447,0.7794117647058824,0.9464285714285714,0.8076923076923077,0.8548387096774194,4,0.5450000000000004,HeteroGATv2,ROS
0.9109461966604823,0.8796992481203008,0.8448275862068966,0.875,0.8831168831168831,0.8596491228070176,5,0.5250000000000004,HeteroGATv2,ROS
0.9462292093871042,0.9029850746268657,0.8793103448275862,0.8947368421052632,0.9090909090909091,0.8869565217391304,1,0.5000000000000002,MOGAT,ROS
0.8992673992673993,0.8507462686567164,0.7727272727272727,0.9107142857142857,0.8076923076923077,0.8360655737704918,2,0.5200000000000002,MOGAT,ROS
0.9065934065934066,0.8731343283582089,0.819672131147541,0.8928571428571429,0.8589743589743589,0.8547008547008547,3,0.34500000000000014,MOGAT,ROS
0.8930860805860805,0.8656716417910447,0.7714285714285715,0.9642857142857143,0.7948717948717948,0.8571428571428571,4,0.5300000000000002,MOGAT,ROS
0.922077922077922,0.8721804511278195,0.8545454545454545,0.8392857142857143,0.8961038961038961,0.8468468468468469,5,0.5250000000000004,MOGAT,ROS
0.8612440191387559,0.7985074626865671,0.75,0.7894736842105263,0.8051948051948052,0.7692307692307693,1,0.45500000000000024,HyperTMO,ROS
0.8603479853479854,0.8208955223880597,0.7666666666666667,0.8214285714285714,0.8205128205128205,0.7931034482758621,2,0.4100000000000002,HyperTMO,ROS
0.7877747252747254,0.7238805970149254,0.6417910447761194,0.7678571428571429,0.6923076923076923,0.6991869918699187,3,0.4000000000000002,HyperTMO,ROS
0.8019688644688645,0.7611940298507462,0.6935483870967742,0.7678571428571429,0.7564102564102564,0.7288135593220338,4,0.4350000000000002,HyperTMO,ROS
0.8787105751391465,0.849624060150376,0.8103448275862069,0.8392857142857143,0.8571428571428571,0.8245614035087719,5,0.34500000000000014,HyperTMO,ROS
0.9393939393939393,0.8955223880597015,0.8909090909090909,0.8596491228070176,0.922077922077922,0.875,1,0.5050000000000003,RGCN,ROS
0.9187271062271062,0.8731343283582089,0.819672131147541,0.8928571428571429,0.8589743589743589,0.8547008547008547,2,0.5800000000000003,RGCN,ROS
0.9097985347985348,0.8805970149253731,0.8448275862068966,0.875,0.8846153846153846,0.8596491228070176,3,0.5300000000000002,RGCN,ROS
0.9162087912087912,0.8731343283582089,0.782608695652174,0.9642857142857143,0.8076923076923077,0.864,4,0.5650000000000004,RGCN,ROS
0.9216141001855288,0.8872180451127819,0.8727272727272727,0.8571428571428571,0.9090909090909091,0.8648648648648649,5,0.5450000000000004,RGCN,ROS
0.923444976076555,0.8582089552238806,0.8166666666666667,0.8596491228070176,0.8571428571428571,0.8376068376068376,1,0.49000000000000027,VEGN,ROS
0.9171245421245421,0.8656716417910447,0.7794117647058824,0.9464285714285714,0.8076923076923077,0.8548387096774194,2,0.49000000000000027,VEGN,ROS
0.9043040293040293,0.8656716417910447,0.8275862068965517,0.8571428571428571,0.8717948717948718,0.8421052631578947,3,0.5150000000000003,VEGN,ROS
0.9182692307692307,0.8507462686567164,0.7647058823529411,0.9285714285714286,0.7948717948717948,0.8387096774193549,4,0.5250000000000004,VEGN,ROS
0.9220779220779222,0.8872180451127819,0.8596491228070176,0.875,0.8961038961038961,0.8672566371681416,5,0.47000000000000025,VEGN,ROS
0.9227614490772386,0.8656716417910447,0.8305084745762712,0.8596491228070176,0.8701298701298701,0.8448275862068966,1,0.5100000000000002,FastHGTConv,ROS
0.918040293040293,0.8731343283582089,0.7910447761194029,0.9464285714285714,0.8205128205128205,0.8617886178861789,2,0.4250000000000002,FastHGTConv,ROS
0.9148351648351648,0.8731343283582089,0.8305084745762712,0.875,0.8717948717948718,0.8521739130434782,3,0.3950000000000002,FastHGTConv,ROS
0.9251373626373627,0.8731343283582089,0.7910447761194029,0.9464285714285714,0.8205128205128205,0.8617886178861789,4,0.5750000000000004,FastHGTConv,ROS
0.9246289424860853,0.8796992481203008,0.8225806451612904,0.9107142857142857,0.8571428571428571,0.864406779661017,5,0.4400000000000002,FastHGTConv,ROS
0.9398496240601504,0.8955223880597015,0.8771929824561403,0.8771929824561403,0.9090909090909091,0.8771929824561403,1,0.33500000000000013,SGNN,ROS
0.9173534798534798,0.8582089552238806,0.8032786885245902,0.875,0.8461538461538461,0.8376068376068376,2,0.5350000000000004,SGNN,ROS
0.9084249084249084,0.8731343283582089,0.8305084745762712,0.875,0.8717948717948718,0.8521739130434782,3,0.5500000000000003,SGNN,ROS
0.901098901098901,0.8432835820895522,0.7333333333333333,0.9821428571428571,0.7435897435897436,0.8396946564885496,4,0.3950000000000002,SGNN,ROS
0.9357606679035251,0.8947368421052632,0.8620689655172413,0.8928571428571429,0.8961038961038961,0.8771929824561403,5,0.45000000000000023,SGNN,ROS
