Model,Pipeline,Dataset,Threshold,AUC,Accuracy,Precision,Recall_1,Recall_0,F1
HeteroGATv2,No Balancing,TCGA Test,0.52,0.8613,0.7798,0.7656,0.6901,0.8454,0.7259
HeteroGATv2,No Balancing,CGGA,0.52,0.5852,0.5352,0.4227,0.8039,0.3846,0.5541
MOGAT,No Balancing,TCGA Test,0.522,0.8994,0.8452,0.8,0.8451,0.8454,0.8219
MOGAT,No Balancing,CGGA,0.522,0.7052,0.6127,0.4762,0.7843,0.5165,0.5926
HyperTMO,No Balancing,TCGA Test,0.476,0.8224,0.75,0.6835,0.7606,0.7423,0.72
HyperTMO,No Balancing,CGGA,0.476,0.6082,0.5035,0.3911,0.6863,0.4011,0.4982
RGCN,No Balancing,TCGA Test,0.517,0.9151,0.8512,0.8026,0.8592,0.8454,0.8299
RGCN,No Balancing,CGGA,0.517,0.7685,0.6268,0.4885,0.8333,0.511,0.6159
VEGN,No Balancing,TCGA Test,0.486,0.9127,0.8571,0.7901,0.9014,0.8247,0.8421
VEGN,No Balancing,CGGA,0.486,0.5868,0.5528,0.4286,0.7353,0.4505,0.5415
FastHGTConv,No Balancing,TCGA Test,0.506,0.912,0.869,0.8101,0.9014,0.8454,0.8533
FastHGTConv,No Balancing,CGGA,0.506,0.492,0.493,0.3981,0.8039,0.3187,0.5325
SGNN,No Balancing,TCGA Test,0.449,0.8783,0.8155,0.75,0.8451,0.7938,0.7947
SGNN,No Balancing,CGGA,0.449,0.7505,0.6972,0.5833,0.549,0.7802,0.5657
HeteroGATv2,SMOTE,TCGA Test,0.491,0.8891,0.8333,0.7529,0.9014,0.7835,0.8205
HeteroGATv2,SMOTE,CGGA,0.491,0.6324,0.5493,0.4343,0.8431,0.3846,0.5733
MOGAT,SMOTE,TCGA Test,0.466,0.8988,0.8452,0.8,0.8451,0.8454,0.8219
MOGAT,SMOTE,CGGA,0.466,0.5699,0.5352,0.4272,0.8627,0.3516,0.5714
HyperTMO,SMOTE,TCGA Test,0.449,0.8478,0.7679,0.6905,0.8169,0.732,0.7484
HyperTMO,SMOTE,CGGA,0.449,0.6175,0.5563,0.4189,0.6078,0.5275,0.496
RGCN,SMOTE,TCGA Test,0.483,0.9191,0.8631,0.8333,0.8451,0.8763,0.8392
RGCN,SMOTE,CGGA,0.483,0.7315,0.6796,0.539,0.7451,0.6429,0.6255
VEGN,SMOTE,TCGA Test,0.503,0.9108,0.8512,0.8026,0.8592,0.8454,0.8299
VEGN,SMOTE,CGGA,0.503,0.5321,0.4859,0.3911,0.7745,0.3242,0.5197
FastHGTConv,SMOTE,TCGA Test,0.468,0.8936,0.8333,0.7945,0.8169,0.8454,0.8056
FastHGTConv,SMOTE,CGGA,0.468,0.6516,0.5986,0.4651,0.7843,0.4945,0.5839
SGNN,SMOTE,TCGA Test,0.419,0.9129,0.8512,0.7738,0.9155,0.8041,0.8387
SGNN,SMOTE,CGGA,0.419,0.7749,0.7077,0.5704,0.7549,0.6813,0.6498
HeteroGATv2,CTGAN,TCGA Test,0.523,0.8982,0.8214,0.7808,0.8028,0.8351,0.7917
HeteroGATv2,CTGAN,CGGA,0.523,0.6206,0.4824,0.4017,0.902,0.2473,0.5559
MOGAT,CTGAN,TCGA Test,0.518,0.9203,0.8452,0.8082,0.831,0.8557,0.8194
MOGAT,CTGAN,CGGA,0.518,0.7306,0.6796,0.5385,0.7549,0.6374,0.6286
HyperTMO,CTGAN,TCGA Test,0.499,0.8388,0.7143,0.8108,0.4225,0.9278,0.5556
HyperTMO,CTGAN,CGGA,0.499,0.6049,0.6373,0.4944,0.4314,0.7527,0.4607
RGCN,CTGAN,TCGA Test,0.518,0.9159,0.8333,0.8209,0.7746,0.8763,0.7971
RGCN,CTGAN,CGGA,0.518,0.7853,0.7113,0.5877,0.6569,0.7418,0.6204
VEGN,CTGAN,TCGA Test,0.5,0.9045,0.8274,0.7625,0.8592,0.8041,0.8079
VEGN,CTGAN,CGGA,0.5,0.5081,0.3803,0.363,0.9608,0.0549,0.5269
FastHGTConv,CTGAN,TCGA Test,0.39,0.9045,0.8571,0.7701,0.9437,0.7938,0.8481
FastHGTConv,CTGAN,CGGA,0.39,0.7144,0.5739,0.4518,0.8725,0.4066,0.5953
SGNN,CTGAN,TCGA Test,0.462,0.9151,0.8214,0.747,0.8732,0.7835,0.8052
SGNN,CTGAN,CGGA,0.462,0.7526,0.4824,0.4096,1.0,0.1923,0.5812
HeteroGATv2,ROS,TCGA Test,0.453,0.9017,0.8333,0.7654,0.8732,0.8041,0.8158
HeteroGATv2,ROS,CGGA,0.453,0.5793,0.5634,0.4179,0.549,0.5714,0.4746
MOGAT,ROS,TCGA Test,0.484,0.8927,0.8214,0.7662,0.831,0.8144,0.7973
MOGAT,ROS,CGGA,0.484,0.5963,0.5423,0.3939,0.5098,0.5604,0.4444
HyperTMO,ROS,TCGA Test,0.409,0.8041,0.7202,0.6154,0.9014,0.5876,0.7314
HyperTMO,ROS,CGGA,0.409,0.4978,0.4648,0.3547,0.598,0.3901,0.4453
RGCN,ROS,TCGA Test,0.545,0.9133,0.8274,0.8182,0.7606,0.8763,0.7883
RGCN,ROS,CGGA,0.545,0.6981,0.669,0.5299,0.6961,0.6538,0.6017
VEGN,ROS,TCGA Test,0.498,0.9075,0.8214,0.7808,0.8028,0.8351,0.7917
VEGN,ROS,CGGA,0.498,0.5606,0.5176,0.3885,0.598,0.4725,0.471
FastHGTConv,ROS,TCGA Test,0.469,0.9103,0.8512,0.7805,0.9014,0.8144,0.8366
FastHGTConv,ROS,CGGA,0.469,0.4705,0.4648,0.375,0.7353,0.3132,0.4967
SGNN,ROS,TCGA Test,0.453,0.8876,0.8095,0.7532,0.8169,0.8041,0.7838
SGNN,ROS,CGGA,0.453,0.7122,0.6268,0.4888,0.8529,0.5,0.6214
