Ablation,Dataset,AUC,F1,Recall_1,Recall_0
Full (baseline),TCGA Test,0.9203,0.8194,0.831,0.8557
Full (baseline),CGGA,0.7306,0.6286,0.7549,0.6374
No PP,TCGA Test,0.9133,0.8082,0.831,0.8351
No PP,CGGA,0.7606,0.6329,0.7353,0.6703
No GG,TCGA Test,0.9196,0.8194,0.831,0.8557
No GG,CGGA,0.7421,0.6454,0.7941,0.6264
No GP,TCGA Test,0.8249,0.7042,0.7042,0.7835
No GP,CGGA,0.5188,0.5285,1.0,0.0
PP only,TCGA Test,0.8249,0.7042,0.7042,0.7835
PP only,CGGA,0.5188,0.5285,1.0,0.0
GG only,TCGA Test,0.8149,0.6667,0.6197,0.8247
GG only,CGGA,0.4964,0.4486,0.7059,0.1923
