GNN,Dataset,vs,AUC_gnn,AUC_tab,dAUC,CI_lo,CI_hi,Z,p
FastHGTConv+No Balancing,TCGA Test,XGBoost,0.912,0.9249,-0.0129,-0.0415,0.0117,-0.933,0.3508
FastHGTConv+No Balancing,TCGA Test,RandomForest,0.912,0.9291,-0.0171,-0.0452,0.0051,-1.337,0.1811
FastHGTConv+No Balancing,TCGA Test,SVM,0.912,0.9162,-0.0042,-0.0344,0.0229,-0.293,0.7695
FastHGTConv+No Balancing,TCGA Test,MLP,0.912,0.9307,-0.0187,-0.0514,0.0107,-1.196,0.2318
FastHGTConv+No Balancing,TCGA Test,LogReg,0.912,0.9249,-0.0129,-0.0452,0.0152,-0.855,0.3926
FastHGTConv+No Balancing,TCGA Test,ElasticNet,0.912,0.9251,-0.0131,-0.0451,0.0149,-0.872,0.3835
FastHGTConv+No Balancing,CGGA,XGBoost,0.492,0.7444,-0.2525,-0.3255,-0.1793,-6.859,0.0
FastHGTConv+No Balancing,CGGA,RandomForest,0.492,0.796,-0.3041,-0.3797,-0.2271,-7.936,0.0
FastHGTConv+No Balancing,CGGA,SVM,0.492,0.736,-0.244,-0.3224,-0.1651,-6.342,0.0
FastHGTConv+No Balancing,CGGA,MLP,0.492,0.7887,-0.2967,-0.3841,-0.2086,-6.657,0.0
FastHGTConv+No Balancing,CGGA,LogReg,0.492,0.7786,-0.2866,-0.3692,-0.2036,-6.908,0.0
FastHGTConv+No Balancing,CGGA,ElasticNet,0.492,0.7758,-0.2838,-0.3656,-0.2009,-6.866,0.0
MOGAT+CTGAN,TCGA Test,XGBoost,0.9203,0.9249,-0.0046,-0.0256,0.0159,-0.451,0.6523
MOGAT+CTGAN,TCGA Test,RandomForest,0.9203,0.9291,-0.0089,-0.0343,0.0142,-0.733,0.4635
MOGAT+CTGAN,TCGA Test,SVM,0.9203,0.9162,0.0041,-0.0224,0.0321,0.299,0.7647
MOGAT+CTGAN,TCGA Test,MLP,0.9203,0.9307,-0.0105,-0.0375,0.0133,-0.829,0.4069
MOGAT+CTGAN,TCGA Test,LogReg,0.9203,0.9249,-0.0046,-0.0269,0.0169,-0.422,0.6729
MOGAT+CTGAN,TCGA Test,ElasticNet,0.9203,0.9251,-0.0048,-0.0266,0.0168,-0.44,0.6596
MOGAT+CTGAN,CGGA,XGBoost,0.7306,0.7444,-0.0138,-0.0521,0.0235,-0.72,0.4718
MOGAT+CTGAN,CGGA,RandomForest,0.7306,0.796,-0.0654,-0.1022,-0.0301,-3.549,0.0004
MOGAT+CTGAN,CGGA,SVM,0.7306,0.736,-0.0054,-0.0439,0.0324,-0.279,0.78
MOGAT+CTGAN,CGGA,MLP,0.7306,0.7887,-0.0581,-0.0987,-0.0194,-2.927,0.0034
MOGAT+CTGAN,CGGA,LogReg,0.7306,0.7786,-0.048,-0.0823,-0.0147,-2.835,0.0046
MOGAT+CTGAN,CGGA,ElasticNet,0.7306,0.7758,-0.0452,-0.0789,-0.0121,-2.687,0.0072
RGCN+CTGAN,TCGA Test,XGBoost,0.9159,0.9249,-0.0089,-0.037,0.0184,-0.66,0.5095
RGCN+CTGAN,TCGA Test,RandomForest,0.9159,0.9291,-0.0132,-0.0379,0.0086,-1.167,0.2431
RGCN+CTGAN,TCGA Test,SVM,0.9159,0.9162,-0.0003,-0.0319,0.0307,-0.019,0.9849
RGCN+CTGAN,TCGA Test,MLP,0.9159,0.9307,-0.0148,-0.0367,0.0066,-1.405,0.1601
RGCN+CTGAN,TCGA Test,LogReg,0.9159,0.9249,-0.009,-0.0335,0.011,-0.82,0.4122
RGCN+CTGAN,TCGA Test,ElasticNet,0.9159,0.9251,-0.0091,-0.0335,0.0106,-0.842,0.4
RGCN+CTGAN,CGGA,XGBoost,0.7853,0.7444,0.0409,0.0019,0.0807,1.986,0.047
RGCN+CTGAN,CGGA,RandomForest,0.7853,0.796,-0.0107,-0.0399,0.0176,-0.715,0.4745
RGCN+CTGAN,CGGA,SVM,0.7853,0.736,0.0493,0.0141,0.0838,2.746,0.006
RGCN+CTGAN,CGGA,MLP,0.7853,0.7887,-0.0034,-0.0387,0.0314,-0.189,0.8501
RGCN+CTGAN,CGGA,LogReg,0.7853,0.7786,0.0067,-0.0277,0.0389,0.385,0.7
RGCN+CTGAN,CGGA,ElasticNet,0.7853,0.7758,0.0095,-0.0251,0.0424,0.54,0.5894
