ModelA,ModelB,b,c,stat,p,sig,p_bonf,p_holm
HeteroGATv2,MOGAT,2,6,6.0,0.2890625,ns,1.0,1.0
HeteroGATv2,HyperTMO,28,10,7.605263157894737,0.0058198169540098,**,0.1222161560342058,0.1047567051721764
HeteroGATv2,RGCN,4,6,6.0,0.75390625,ns,1.0,1.0
HeteroGATv2,VEGN,6,7,7.0,1.0,ns,1.0,1.0
HeteroGATv2,FastHGTConv,7,13,13.0,0.2631759643554687,ns,1.0,1.0
HeteroGATv2,SGNN,6,6,6.0,1.0,ns,1.0,1.0
MOGAT,HyperTMO,31,9,11.025,0.000898912788114,***,0.018877168550394,0.018877168550394
MOGAT,RGCN,5,3,5.0,0.7265625,ns,1.0,1.0
MOGAT,VEGN,7,4,7.0,0.548828125,ns,1.0,1.0
MOGAT,FastHGTConv,6,8,8.0,0.79052734375,ns,1.0,1.0
MOGAT,SGNN,9,5,9.0,0.4239501953125,ns,1.0,1.0
HyperTMO,RGCN,7,27,10.617647058823527,0.001120134882711,**,0.023522832536931,0.02240269765422
HyperTMO,VEGN,14,33,6.893617021276596,0.0086504058950975,**,0.1816585237970475,0.1470569002166575
HyperTMO,FastHGTConv,15,39,9.796296296296296,0.0017486370049757,**,0.0367213771044897,0.0332241030945383
HyperTMO,SGNN,15,33,6.020833333333333,0.0141379694559114,*,0.2968973585741394,0.2262075112945824
RGCN,VEGN,7,6,7.0,1.0,ns,1.0,1.0
RGCN,FastHGTConv,8,12,12.0,0.5034446716308594,ns,1.0,1.0
RGCN,SGNN,10,8,10.0,0.8145294189453125,ns,1.0,1.0
VEGN,FastHGTConv,3,8,8.0,0.2265625,ns,1.0,1.0
VEGN,SGNN,5,4,5.0,1.0,ns,1.0,1.0
FastHGTConv,SGNN,8,2,8.0,0.109375,ns,1.0,1.0
