Model,Pipeline,cv_auc,cv_sd,CGGA,TCGA Test,hpo_val_auc
FastHGTConv,No Balancing,0.92758901499503,0.009693822243090013,0.492,0.912,0.9437
FastHGTConv,SMOTE,0.9254686103370314,0.017025530955114405,0.6516,0.8936,0.9421
VEGN,No Balancing,0.9242549430519356,0.00674823685471298,0.5868,0.9127,0.948
SGNN,SMOTE,0.9238635737695887,0.010611376900553538,0.7749,0.9129,0.9423
RGCN,SMOTE,0.9237111572637889,0.014373687943866495,0.7315,0.9191,0.9391
RGCN,No Balancing,0.9233244825350088,0.014078035077222035,0.7685,0.9151,0.94
RGCN,CTGAN,0.9226726594207797,0.015718742720766225,0.7853,0.9159,0.9359
MOGAT,No Balancing,0.922187305176027,0.011510715377691196,0.7052,0.8994,0.9423
RGCN,ROS,0.92114849436278,0.011092772681236384,0.6981,0.9133,0.9439
FastHGTConv,ROS,0.9210806424152288,0.004475551304401531,0.4705,0.9103,0.9464
FastHGTConv,CTGAN,0.9208825322547127,0.019305234122126754,0.7144,0.9045,0.9448
SGNN,ROS,0.920497516268193,0.016877551432566775,0.7122,0.8876,0.9423
VEGN,SMOTE,0.9191080536005348,0.009002946705110534,0.5321,0.9108,0.9462
HeteroGATv2,No Balancing,0.9175313095425878,0.01246783411332854,0.5852,0.8613,0.9428
HeteroGATv2,SMOTE,0.9175148473080803,0.013073750559251397,0.6324,0.8891,0.9377
SGNN,No Balancing,0.9175040811319007,0.02185426882757788,0.7505,0.8783,0.9448
VEGN,ROS,0.9170441400704558,0.007584975229475271,0.5606,0.9075,0.9437
MOGAT,SMOTE,0.9163821454234988,0.017383752509235552,0.5699,0.8988,0.9361
MOGAT,ROS,0.9134508035823826,0.021282421471591918,0.5963,0.8927,0.9297
VEGN,CTGAN,0.9097551258265544,0.011159261042303595,0.5081,0.9045,0.9457
HeteroGATv2,CTGAN,0.9090997661486384,0.019688102105789862,0.6206,0.8982,0.9382
SGNN,CTGAN,0.9076726218643512,0.016256374342065387,0.7526,0.9151,0.9306
HeteroGATv2,ROS,0.8996106337271751,0.011455410402745895,0.5793,0.9017,0.9361
MOGAT,CTGAN,0.8924517525081435,0.05947344085131476,0.7306,0.9203,0.9332
HyperTMO,CTGAN,0.8394495855022172,0.04841567272301881,0.6049,0.8388,0.9121
HyperTMO,ROS,0.8380092338738955,0.040366719973162775,0.4978,0.8041,0.8988
HyperTMO,SMOTE,0.8344067273578553,0.03974632855486851,0.6175,0.8478,0.8951
HyperTMO,No Balancing,0.8269954982360999,0.04355255502541216,0.6082,0.8224,0.8945
